prompt,title,goal,owns_repos,prerequisites,can_parallelize_with,stops_before,suggested_model,why_model
301,DSCT Tuesday launch package,Author and verify bounded DSCT first-class/T-Th package,DSCT; read-only semester_kickoff_week,300E and shared source,read-only target verification; 302 in separate checkout,Week 2 content and all production writes,Luna Medium,source-constrained bounded instructional authoring
302,DSCT Week 2 identity and source contract,Record Jeremy choice and freeze selected source/reading order/cadence,JTT + DSCT,question 009 and 300B,301 only with topic-neutral bridge; minimal schema sketch,Week 2 authoring/deployment registration,Luna Large,consequential source and policy reconciliation
303,DSCT Week 2 instructional package,Author complete student/instructor/material/rubric contract and Coach bundle,DSCT,302 and cadence if dates published,304 contract skeleton; target verification,Course Foundry registration and real LMS writes,Luna Large,pedagogy plus observable evidence semantics
304,DSCT desired-state deployment on-ramp,Implement/register deterministic builder T-Th mapping and dry-run checks,Course Foundry + DSCT,302 schema and 303 package,303 authoring; 305 separate worktree,real writes and production cutover,code-oriented Codex worker,bounded typed contract/test work
305,DSCT assessment contract and local acceptance,Add fail-closed adapter and run 3-5-case battery,Marker + DSCT + Coach/test harness,303 frozen rubric/materials,304 separate worktree,watcher real students NRP,code-oriented Codex worker,interface/fixture/test implementation
306,Week 2 delivery decision and verification,Select dry-run delivery or exact-source manual fallback,DSCT + deployment repos,303 plus 304 or fallback,None,live writes,Terra Medium,cross-repo release judgment
307,Watcher/feedback seam integration,Verify only handoff to external watcher/Marker/Coach/Dispatch,external watcher + pipeline repos,305 and watcher availability,308,duplicate watcher/grading policy,Terra Medium,ownership and integration review
308,DSCT semester authoring batch 1,Extend evidence spine to Weeks 3-5,DSCT,302 and Week 2 gate,307 in separate worktree,NRP and omnibus work,Luna Medium,bounded repetitive authoring
309,DSCT local evaluation and scale decision,Expand cases and decide if NRP is informative,Synthetic Student Laboratory + NRP,305 307 frozen manifests,308 after interfaces stabilize,automatic NRP launch,code-oriented Codex worker,reproducible receipts and launch plumbing
