"meeting","audience","artifact","type","canonical_or_owner","runtime_requirement"
"Tuesday","student","week-02/student/tuesday/README.md","thin shared-source wrapper","DSCT points to local_ai_lab_setup and windows_classroom","none to read"
"Tuesday","student","week-02/student/tuesday/dsct-evidence-reflection.md","evidence/reflection wrapper","DSCT","READY or supplied receipt"
"Tuesday","student","week-02/student/tuesday/exit-check.md","exit check","DSCT","none"
"Tuesday","instructor","week-02/instructor/tuesday-run-of-show.md","75-minute run-of-show","DSCT","Windows harness for live branch; fallback otherwise"
"Thursday","student","week-02/student/thursday/container-example/","recipe + deterministic program","DSCT","optional verified runtime"
"Thursday","student","week-02/student/thursday/repeatability-receipt.md","evidence receipt","DSCT","none; supplied path valid"
"Thursday","student","week-02/student/thursday/exit-check.md","exit check","DSCT","none"
"Thursday","instructor","week-02/instructor/thursday-run-of-show.md","75-minute run-of-show + preflight","DSCT","runtime only for executable branch"
"Week 2","student","week-02/student/help-and-runtime-status.md","status/help page","DSCT","none"
